hz1,X1,Y1,Z1,hz2,X2,Y2,Z2,hz3,X3,Y3,Z3,hz4,X4,Y4,Z4,hz5,X5,Y5,Z5,hz6,X6,Y6,Z6
10,0.004431516,0.076215196,0,10,0,0.019998006,0,10,0,0.145367081,0.036734655,10,0.07071095,0.119363937,0.066702406,10,0,0.091879735,0,10,0.07071095,0.119363937,0.066702406
11,0.005635718,0.077203906,0.000884341,10.25,0.000321576,0.020245886,0.022667003,11,0.001137833,0.147182703,0.039338089,10.25,0.032411784,0.05592374,0.015434443,11,0.000628611,0.092697212,0.001645916,10.25,0.032411784,0.05592374,0.015434443
12,0.007015678,0.0783174,0.001888821,10.5,0.000628369,0.020510369,0.036357633,12,0.002432339,0.149207293,0.042373794,10.5,0.003760933,0.001867997,0.011105973,12,0.001342039,0.093609417,0.003560491,10.5,0.003760933,0.001867997,0.011105973
13,0.008593815,0.079566133,0.00302657,10.75,0.000947473,0.020739495,0.052230935,13,0.00390248,0.151453697,0.045914616,10.75,0.01360395,0.024678944,0,13,0.00214982,0.094621029,0.005787911,10.75,0.01360395,0.024678944,0
14,0.010397012,0.080962561,0.004313631,11,0.001271971,0.020975115,0.053043652,14,0.005572406,0.153936474,0.050055015,11,0,0.008562704,0.014670529,14,0.003064408,0.095738676,0.008384559,11,0,0.008562704,0.014670529
15,0.012459042,0.082521809,0.005769763,11.25,0.001657422,0.021222773,0.051803375,15,0.00747365,0.15667104,0.054917266,11.25,0.016090879,0.024860915,0.005688055,15,0.004101285,0.096969763,0.01142294,11.25,0.016090879,0.024860915,0.005688055
16,0.014821541,0.084262116,0.007419896,11.5,0.002026533,0.021470974,0.051353586,16,0.009648525,0.159677093,0.060662472,11.5,0.010662198,0.022317053,0.012373442,16,0.005281431,0.098322478,0.01499864,11.5,0.010662198,0.022317053,0.012373442
17,0.017537109,0.086205282,0.009295191,11.75,0.002377867,0.021757417,0.049303763,17,0.012154112,0.162975188,0.067507167,11.75,0.012538272,0.014830321,0.012523088,17,0.006632557,0.099806566,0.019238581,11.75,0.012538272,0.014830321,0.012523088
18,0.020672517,0.088378665,0.011436094,12,0.002751891,0.022021395,0.043203297,18,0.015069846,0.166593585,0.07574854,12,0.017429824,0.029025707,0.006326474,18,0.008192809,0.101434111,0.024315574,12,0.017429824,0.029025707,0.006326474
19,0.024313849,0.090816074,0.013894983,12.25,0.003125145,0.022292197,0.042927112,19,0.018509489,0.17056226,0.08580345,12.25,0.004414372,0,0.015772382,19,0.010016376,0.103219149,0.030470221,12.25,0.004414372,0,0.015772382
20,0.028573877,0.093559994,0.016741476,12.5,0.00354928,0.022572637,0.039684993,20,0.02264269,0.17491804,0.098276078,12.5,0.020041841,0.029998101,0.001794079,20,0.012182576,0.105177662,0.038046966,12.5,0.020041841,0.029998101,0.001794079
21,0.033603127,0.096664922,0.020069588,12.75,0.00397981,0.022878473,0.039168729,21,0.027731302,0.179706315,0.114071791,12.75,0.009276631,0.019665872,0.015001158,21,0.014812016,0.10732992,0.047556118,12.75,0.009276631,0.019665872,0.015001158
22,0.039606181,0.10020159,0.024010202,13,0.004390994,0.023178882,0.049859546,22,0.034200842,0.184979326,0.134606879,13,0.018699257,0.02449885,0.013272823,22,0.018097442,0.109699705,0.059785691,13,0.018699257,0.02449885,0.013272823
23,0.046869241,0.104264755,0.028749229,13.25,0.004826967,0.023480429,0.049525276,23,0.042782986,0.190804732,0.162220209,13.25,0.018365136,0.030171627,0.016944651,23,0.022365107,0.112317422,0.07601631,13.25,0.018365136,0.030171627,0.016944651
24,0.055803217,0.108982981,0.034560497,13.5,0.005264277,0.023803542,0.052356649,24,0.054826328,0.197262179,0.201026564,13.5,0.013321522,0.010320024,0.020107157,24,0.028206712,0.115218547,0.098470149,13.5,0.013321522,0.010320024,0.020107157
25,0.067021276,0.114537329,0.041861712,13.75,0.005767742,0.024138019,0.052495485,25,0.073034245,0.204455296,0.258914895,13.75,0.024321538,0.033702368,0.004737489,25,0.036796232,0.118450249,0.131354371,13.75,0.024321538,0.033702368,0.004737489
26,0.081476937,0.121191381,0.051319476,14,0.006273172,0.024473755,0.054449715,26,0.103379509,0.212515116,0.35256567,14,0.007604328,0.013949551,0.0181149,26,0.050751775,0.122070223,0.183615109,14,0.007604328,0.013949551,0.0181149
27,0.100732711,0.129345069,0.064054832,14.25,0.006754391,0.02483878,0.054234388,27,0.160105485,0.221612923,0.520431023,14.25,0.025314625,0.031103149,0.008235886,27,0.07692142,0.126155265,0.277693091,14.25,0.025314625,0.031103149,0.008235886
28,0.127535127,0.139639442,0.082085092,14.5,0.007262604,0.025176888,0.055403164,28,0.267368313,0.231971389,0.826519123,14.5,0.0188741,0.027804668,0.014895022,28,0.137224535,0.130807902,0.48340304,14.5,0.0188741,0.027804668,0.014895022
29,0.167154992,0.153170868,0.109367183,14.75,0.007773895,0.025553978,0.055732115,28.7749,0.325812714,0.241001538,1,14.75,0.020203221,0.020744639,0.014705208,29,0.27697406,0.136196151,0.944884838,14.75,0.020203221,0.020744639,0.014705208
30,0.230994761,0.171978824,0.154611905,15,0.008342482,0.02596768,0.055825991,29,0.312781826,0.243805475,0.969352766,15,0.025220773,0.035705056,0.00844356,29.2676,0.292255711,0.13779329,1,15,0.025220773,0.035705056,0.00844356
31,0.348023015,0.200294856,0.240251997,15.25,0.008952912,0.026239315,0.056155399,30,0.183606588,0.2575374,0.619373119,15.25,0.011347032,0.006025234,0.018174132,30,0.185831651,0.142471655,0.670044598,15.25,0.011347032,0.006025234,0.018174132
32,0.603657714,0.248128847,0.433339022,15.5,0.009531821,0.026589384,0.057238287,31,0.105990077,0.273820617,0.379770744,15.5,0.02844805,0.036865079,0.003791943,31,0.08538966,0.149862857,0.330505832,15.5,0.02844805,0.036865079,0.003791943
33,0.998505423,0.340077767,0.742996185,15.75,0.01012449,0.026953101,0.058067964,32,0.073387111,0.293432759,0.253825701,15.75,0.017138807,0.025638039,0.017873473,32,0.051373542,0.158831707,0.192681871,15.75,0.017138807,0.025638039,0.017873473
33.0576,1,0.347395778,0.745051557,16,0.010715917,0.027329783,0.058847647,33,0.06021811,0.317584812,0.18111807,16,0.028239299,0.030826754,0.013477214,33,0.038808841,0.169994917,0.12358567,16,0.028239299,0.030826754,0.013477214
34,0.638168845,0.429702273,0.480733267,16.25,0.011397089,0.027709667,0.05957673,34,0.055902689,0.348179753,0.135327331,16.25,0.028602025,0.036862884,0.013754721,34,0.034435267,0.184368387,0.08325923,16.25,0.028602025,0.036862884,0.013754721
34.1166,0.592405688,0.415962651,0.44693896,16.5,0.0121025,0.028087494,0.060322126,35,0.056112253,0.388298146,0.104765951,16.5,0.022634719,0.016690106,0.01830608,35,0.033787359,0.203727801,0.057496776,16.5,0.022634719,0.016690106,0.01830608
35,0.361154908,0.186724282,0.279140976,16.75,0.01276555,0.02849638,0.061165683,36,0.058956136,0.443053705,0.08366751,16.75,0.034120726,0.041152403,0.004742487,36,0.035124798,0.231428825,0.04015035,16.75,0.034120726,0.041152403,0.004742487
36,0.237061383,0.048612948,0.195621234,17,0.013463626,0.028908932,0.062234202,37,0.063567741,0.520636427,0.068905845,17,0.015763619,0.020331209,0.019549105,37,0.037705434,0.274433068,0.028162163,17,0.015763619,0.020331209,0.019549105
37,0.171475677,0.027519503,0.158433573,17.25,0.014165992,0.029344157,0.063043291,38,0.069551092,0.629142102,0.058649408,17.25,0.035266549,0.038915379,0.010211058,38,0.041203688,0.348081172,0.01985457,17.25,0.035266549,0.038915379,0.010211058
38,0.13256428,0.047117315,0.143551347,17.5,0.014965408,0.029815989,0.063829679,39,0.076753706,0.732683934,0.051708852,17.5,0.029270302,0.037047424,0.017549052,39,0.04548908,0.46970075,0.014222557,17.5,0.029270302,0.037047424,0.017549052
39,0.108278382,0.070010012,0.142657592,17.75,0.015833404,0.030302717,0.064518057,39.8297,0.083647762,0.658003638,0.047838824,17.75,0.031843952,0.02976193,0.018139621,39.7801,0.049349377,0.469833293,0.011202401,17.75,0.031843952,0.02976193,0.018139621
40,0.093645119,0.092406462,0.153864015,18,0.016642038,0.030850584,0.065475834,40,0.085168399,0.61102014,0.047235045,18,0.038218693,0.045772696,0.012268534,40,0.050520884,0.414644871,0.010539078,18,0.038218693,0.045772696,0.012268534
41,0.087106832,0.115864581,0.177878725,18.25,0.017482186,0.031391643,0.066025651,41,0.094846263,0.267363169,0.045035264,18.25,0.023731004,0.015205596,0.022079242,41,0.056362265,0.123638904,0.008611916,18.25,0.023731004,0.015205596,0.022079242
42,0.084448621,0.142672747,0.18455935,18.5,0.018316491,0.031920578,0.066320981,42,0.105920222,0.057150981,0.044900179,18.5,0.042160962,0.047644671,0.007291214,42,0.063116214,0.007620423,0.008187752,18.5,0.042160962,0.047644671,0.007291214
42.266,0.081334273,0.150682521,0.166956076,18.75,0.019261639,0.032452345,0.06683957,43,0.118617804,0,0.046523398,18.75,0.029966784,0.03598305,0.02117356,43,0.070923644,0,0.009062042,18.75,0.029966784,0.03598305,0.02117356
43,0.069662989,0.176181008,0.102610973,19,0.020308596,0.032990219,0.067425473,44,0.133247366,0.0109828,0.049804057,19,0.041776345,0.042409411,0.016312561,44,0.079995476,0.019623719,0.011180373,19,0.041776345,0.042409411,0.016312561
44,0.065269516,0.224293039,0.093979733,19.25,0.021254474,0.033563135,0.068216667,45,0.150222048,0.039068415,0.054768773,19.25,0.042022663,0.04942497,0.016771023,45,0.090626775,0.039294218,0.014570673,19.25,0.042022663,0.04942497,0.016771023
45,0.069706661,0.300562731,0.123144811,19.5,0.022243394,0.034123329,0.069287297,46,0.170090709,0.068553429,0.061549829,19.5,0.036064392,0.027885159,0.022077739,46,0.103219188,0.055995762,0.019345048,19.5,0.036064392,0.027885159,0.022077739
46,0.07988531,0.422562207,0.160885433,19.75,0.023242468,0.034688022,0.070549932,47,0.193611771,0.096155164,0.070400383,19.75,0.049410436,0.053324937,0.008640946,47,0.118341526,0.070280741,0.025721545,19.75,0.049410436,0.053324937,0.008640946
46.9315,0.095344472,0.479344635,0.205227118,20,0.024362637,0.035269929,0.071800188,48,0.221831058,0.121722032,0.081729493,20,0.029884191,0.031248914,0.023667494,48,0.136812791,0.082922971,0.034062704,20,0.029884191,0.031248914,0.023667494
47,0.096754614,0.472918576,0.208989113,20.25,0.025642071,0.035861629,0.073191863,49,0.256227493,0.14578416,0.096166954,20.25,0.051625494,0.050652384,0.014308039,49,0.159849142,0.094532927,0.04495003,20.25,0.051625494,0.050652384,0.014308039
48,0.123189209,0.280359236,0.275048795,20.5,0.026791066,0.036518842,0.074793548,50,0.298956591,0.168965883,0.114667165,20.5,0.045283172,0.047999073,0.022675462,50,0.189330915,0.10557529,0.059319963,20.5,0.045283172,0.047999073,0.022675462
49,0.16595739,0.134120683,0.373131185,20.75,0.027972402,0.037176617,0.07640088,51,0.353201728,0.191858991,0.138683438,20.75,0.048928395,0.04097704,0.023785804,51,0.228318702,0.116424685,0.078726505,20.75,0.048928395,0.04097704,0.023785804
49.6084,0.205267664,0.082734009,0.458258097,21,0.02916893,0.037868736,0.078104505,52,0.423760923,0.215027012,0.170441369,21,0.05592783,0.05796275,0.018252388,52,0.282069814,0.127419488,0.10587041,21,0.05592783,0.05796275,0.018252388
50,0.238774323,0.059215167,0.528469632,21.25,0.030533818,0.038622047,0.079860016,53,0.517699474,0.239023195,0.213252237,21.25,0.038933063,0.025955977,0.02799417,53,0.360214798,0.13892458,0.145734007,21.25,0.038933063,0.025955977,0.02799417
51,0.363287106,0.023458341,0.785535771,21.5,0.03215676,0.03940119,0.082044292,54,0.644002688,0.264374244,0.271402732,21.5,0.059621298,0.060070755,0.012407639,54,0.481252967,0.151408539,0.207920325,21.5,0.059621298,0.060070755,0.012407639
52,0.469924171,0.014874469,1,21.75,0.033566658,0.040266825,0.083861586,55,0.805861924,0.291284844,0.346629945,21.75,0.046073821,0.048197467,0.027255893,55,0.677243141,0.165447144,0.309162556,21.75,0.046073821,0.048197467,0.027255893
52.0429,0.469736863,0.014949429,0.999180503,22,0.034968221,0.041126917,0.085741607,56,0.964142605,0.318573983,0.421108688,22,0.060035133,0.054790989,0.021988278,56,0.938628818,0.180130141,0.444980423,22,0.060035133,0.054790989,0.021988278
53,0.361936164,0.023433428,0.766473846,22.25,0.036378275,0.041952622,0.087543556,56.8315,1,0.339609504,0.438947884,22.25,0.06171158,0.062635211,0.022993722,56.5871,1,0.186319883,0.477610277,22.25,0.06171158,0.062635211,0.022993722
54,0.2317042,0.039713001,0.488956084,22.5,0.037990498,0.042781379,0.089889298,57,0.989192486,0.343704074,0.434074825,22.5,0.056789199,0.041124554,0.028805252,57,0.942147154,0.189384347,0.448373739,22.5,0.056789199,0.041124554,0.028805252
55,0.162395639,0.057838313,0.339401855,22.75,0.039893228,0.043587573,0.092418833,58,0.8272614,0.369593815,0.35715455,22.75,0.072832788,0.069050017,0.01509963,58,0.652160411,0.199594809,0.299493966,22.75,0.072832788,0.069050017,0.01509963
55.8892,0.136698628,0.074712223,0.291633665,23,0.041568266,0.044469763,0.094477341,59,0.629315247,0.401923018,0.254362038,23,0.051069075,0.046261033,0.031512898,59,0.428526167,0.215624674,0.183712136,23,0.051069075,0.046261033,0.031512898
56,0.134015184,0.076874484,0.287632981,23.25,0.043283315,0.045403883,0.096592451,60,0.493865064,0.44170826,0.168201964,23.25,0.076754002,0.067970251,0.021424355,60,0.293704108,0.235565326,0.11009501,23.25,0.076754002,0.067970251,0.021424355
57,0.103487002,0.097266156,0.234735641,23.5,0.045087135,0.046350099,0.098732645,60.3898,0.454073854,0.459264981,0.141160993,23.5,0.070398406,0.065870639,0.029733981,61,0.215362788,0.259432749,0.055337405,23.5,0.070398406,0.065870639,0.029733981
58,0.077212541,0.119995587,0.175721247,23.75,0.047073976,0.047332872,0.101598212,61,0.393256391,0.489216748,0.106830647,23.75,0.075243765,0.058716794,0.030376805,61.2779,0.200013822,0.266908154,0.042431135,23.75,0.075243765,0.058716794,0.030376805
59,0.069226262,0.146365117,0.131009595,24,0.049553934,0.048356214,0.104132378,62,0.300962418,0.545548986,0.072177098,24,0.084581333,0.077620061,0.023728725,62,0.166601969,0.288378504,0.018997587,24,0.084581333,0.077620061,0.023728725
60,0.093033701,0.178105489,0.103365494,24.25,0.051772362,0.049507111,0.10689728,63,0.260215196,0.612647348,0.070248088,24.25,0.066799915,0.043664849,0.034976109,63,0.148152021,0.324094851,0.017604335,24.25,0.066799915,0.043664849,0.034976109
61,0.166430996,0.216361116,0.106000349,24.5,0.053994497,0.050649048,0.109639745,64,0.312292844,0.692526147,0.109715257,24.5,0.09270201,0.081488645,0.019097592,64,0.201698944,0.369315285,0.056742065,24.5,0.09270201,0.081488645,0.019097592
62,0.281855977,0.254312455,0.17603552,24.75,0.056282764,0.051716777,0.113279291,65,0.440086955,0.784480544,0.177003487,24.75,0.077955135,0.068956852,0.035554931,65,0.321904649,0.426994728,0.124662143,24.75,0.077955135,0.068956852,0.035554931
62.191,0.301968707,0.259857684,0.201038136,25,0.05861331,0.052776166,0.117238328,65.6641,0.516921094,0.848935121,0.214677131,25,0.095203835,0.076958131,0.030709282,65.3393,0.354219266,0.449983081,0.142052232,25,0.095203835,0.076958131,0.030709282
62.6269,0.338661531,0.27031421,0.271849044,25.25,0.062112239,0.053824213,0.120267159,66,0.539747601,0.881273744,0.225666028,25.25,0.097219699,0.086064412,0.031883208,66,0.370896583,0.502364717,0.150782023,25.25,0.097219699,0.086064412,0.031883208
63,0.361878904,0.279865438,0.34304318,25.5,0.065229942,0.05499645,0.123769142,67,0.53737853,0.966693616,0.224517307,25.5,0.09133625,0.063990907,0.03830747,67,0.322410635,0.610698843,0.124721146,25.5,0.09133625,0.063990907,0.03830747
63.7389,0.402722575,0.315826011,0.474236963,25.75,0.068176863,0.056220474,0.127494149,68,0.480229435,1,0.197380276,25.75,0.110805243,0.096693669,0.02378134,68,0.267276197,0.760370683,0.095232863,25.75,0.110805243,0.096693669,0.02378134
64,0.414674335,0.335524585,0.503378171,26,0.071343805,0.057557337,0.132916354,68.7343,0.434165276,0.960176218,0.175518555,26,0.085509667,0.073064267,0.042096205,69,0.225531857,0.893533166,0.072924564,26,0.085509667,0.073064267,0.042096205
65,0.431618368,0.441106359,0.520765299,26.25,0.07485113,0.059134864,0.138034658,69,0.418629599,0.931229039,0.168127917,26.25,0.117648982,0.098807581,0.031802718,69.5981,0.205395665,0.875468382,0.062220146,26.25,0.117648982,0.098807581,0.031802718
66,0.430045181,0.59932443,0.48736085,26.5,0.079617241,0.060885077,0.143273816,70,0.368044846,0.781791368,0.143872695,26.5,0.110746934,0.098022658,0.041790607,70,0.193770346,0.800741615,0.056019609,26.5,0.110746934,0.098022658,0.041790607
66.9176,0.402186857,0.787739862,0.42966322,26.75,0.084094557,0.062813635,0.148823202,71,0.329716592,0.642331053,0.125064891,26.75,0.118493508,0.091892026,0.042401142,71,0.172027567,0.52562985,0.044062103,26.75,0.118493508,0.091892026,0.042401142
67,0.396565696,0.805089554,0.421547812,27,0.088459191,0.065206984,0.155549933,72,0.301359591,0.577388314,0.110608418,27,0.131669025,0.115073356,0.034987089,72,0.158051829,0.315467883,0.035720813,27,0.131669025,0.115073356,0.034987089
67.2975,0.371604327,0.865591045,0.38832901,27.25,0.093265343,0.067800161,0.165904635,73,0.280495002,0.595047806,0.099450615,27.25,0.111613586,0.078043436,0.04697241,73,0.148979997,0.217113439,0.029558038,27.25,0.111613586,0.078043436,0.04697241
68,0.300706081,0.977483214,0.305636721,27.5,0.098585361,0.070437215,0.172661326,74,0.264867517,0.655331591,0.090906653,27.5,0.145859179,0.124992574,0.029999484,74,0.143554399,0.214729231,0.024897604,27.5,0.145859179,0.124992574,0.029999484
68.5214,0.2633669,1,0.267434634,27.75,0.106288659,0.072871086,0.191517391,75,0.252122035,0.666662099,0.084667137,27.75,0.12883825,0.11301109,0.048216632,75,0.141173688,0.243391579,0.02140359,27.75,0.12883825,0.11301109,0.048216632
69,0.250572743,0.955108784,0.257233354,28,0.113957239,0.075757102,0.219073406,75.1107,0.250782821,0.660769892,0.084116792,28,0.153805824,0.127206629,0.043500214,75.2465,0.141049155,0.242420509,0.020695032,28,0.153805824,0.127206629,0.043500214
70,0.265821306,0.75372112,0.278541603,28.25,0.120902792,0.078856394,0.298253678,76,0.239695889,0.566769495,0.080771892,28.25,0.158527117,0.141830016,0.045062768,76,0.14202859,0.209541356,0.018847589,28.25,0.158527117,0.141830016,0.045062768
70.7983,0.262944731,0.599540189,0.275796686,28.5,0.129138139,0.081127016,0.330102448,77,0.224413685,0.436668197,0.079310775,28.5,0.153547951,0.121557153,0.052776996,77,0.147004298,0.14253052,0.017054035,28.5,0.153547951,0.121557153,0.052776996
71,0.254139346,0.565766121,0.266059523,28.75,0.137927796,0.083278986,0.333267371,77.4065,0.217031045,0.397959481,0.079307974,28.75,0.181848468,0.167758575,0.03771696,78,0.15677733,0.102961081,0.015956977,28.75,0.181848468,0.167758575,0.03771696
72,0.180999235,0.431030191,0.18512955,29,0.155158698,0.08522534,0.34615081,78,0.205702615,0.362995913,0.079688412,29,0.150057218,0.14195287,0.057702396,79,0.172283364,0.099478328,0.015579883,29,0.150057218,0.14195287,0.057702396
73,0.116716916,0.342548986,0.11263191,29.25,0.173395484,0.087989758,0.377921138,79,0.188719949,0.357203908,0.080748678,29.25,0.197992951,0.192498781,0.046666356,80,0.19373781,0.123366802,0.016202559,29.25,0.197992951,0.192498781,0.046666356
74,0.084635928,0.283190795,0.07269668,29.5,0.186946017,0.091390817,0.407953904,80,0.178593019,0.398499029,0.081920613,29.5,0.194088616,0.197203044,0.058742909,81,0.214698612,0.167620064,0.018947631,29.5,0.194088616,0.197203044,0.058742909
75,0.08123334,0.241415851,0.06310989,29.75,0.202094146,0.09370927,0.400061241,81,0.176144115,0.463744943,0.083341505,29.75,0.214217397,0.213564516,0.061653978,82,0.210719168,0.230915807,0.025690208,29.75,0.214217397,0.213564516,0.061653978
76,0.101052007,0.211102824,0.08524904,30,0.219833105,0.095816011,0.394453738,82,0.180026038,0.533016056,0.085272517,30,0.235600586,0.238880602,0.0573793,82.1102,0.20766194,0.239111231,0.026649856,30,0.235600586,0.238880602,0.0573793
77,0.129379085,0.188715048,0.132086345,30.25,0.257569454,0.097991224,0.401956092,83,0.188965439,0.587870961,0.087834125,30.25,0.21190842,0.197113105,0.074147257,83,0.172627793,0.315179408,0.034477559,30.25,0.21190842,0.197113105,0.074147257
77.524,0.135312748,0.179350886,0.153134689,30.5,0.269757446,0.101187272,0.374148679,83.7431,0.198397814,0.611122911,0.090113956,30.5,0.264840419,0.251457331,0.05498078,84,0.147648279,0.421244716,0.042353514,30.5,0.264840419,0.251457331,0.05498078
78,0.13048643,0.17211206,0.161996661,30.75,0.260687223,0.105636203,0.326551496,84,0.202152003,0.615302267,0.090956684,30.75,0.241638424,0.219684637,0.076581787,85,0.159383546,0.516882035,0.050601055,30.75,0.241638424,0.219684637,0.076581787
79,0.100731741,0.161083217,0.153381334,31,0.252507094,0.108672669,0.31900357,85,0.218717536,0.616064485,0.094288776,31,0.289910027,0.243169281,0.070953975,85.4317,0.174281501,0.534093089,0.054649695,31,0.289910027,0.243169281,0.070953975
80,0.070449097,0.155966392,0.135703801,31.25,0.251561157,0.111564879,0.315438501,86,0.2366143,0.604614078,0.097011284,31.25,0.304354336,0.248825931,0.073323918,86,0.201378075,0.525672732,0.060564135,31.25,0.304354336,0.248825931,0.073323918
81,0.048571505,0.156800067,0.123390129,31.5,0.274197092,0.114295914,0.295927806,87,0.251076211,0.598507764,0.097767759,31.5,0.317306386,0.216811431,0.083611608,87,0.265520395,0.464668027,0.07146785,31.5,0.317306386,0.216811431,0.083611608
82,0.032405428,0.161826584,0.114631589,31.75,0.278818955,0.119052112,0.288825008,88,0.254193725,0.610060943,0.095376859,31.75,0.370702725,0.256710781,0.068020552,88,0.330136165,0.410614016,0.07541317,31.75,0.370702725,0.256710781,0.068020552
83,0.018296722,0.16196338,0.100747877,32,0.270773006,0.126330543,0.289220699,88.6272,0.247324018,0.629416158,0.092578903,32,0.336731217,0.210192147,0.095355417,88.6299,0.346747289,0.391262788,0.068260721,32,0.336731217,0.210192147,0.095355417
83.1273,0.016645409,0.160868348,0.098412709,32.25,0.261770297,0.129946835,0.285817907,89,0.240111025,0.645782447,0.09083841,32.25,0.430793551,0.249630787,0.083981142,89,0.342047573,0.386916169,0.060552334,32.25,0.430793551,0.249630787,0.083981142
83.4178,0.013134125,0.157136829,0.092998459,32.5,0.253858704,0.133088181,0.28242568,90,0.214657983,0.707402256,0.087546744,32.5,0.405079493,0.239872125,0.10169111,90,0.29009714,0.410571134,0.03848162,32.5,0.405079493,0.239872125,0.10169111
84,0.007542565,0.144558302,0.083681653,32.75,0.258667997,0.135931135,0.287377614,91,0.191937255,0.790398443,0.086611157,32.75,0.449330508,0.230708174,0.107133464,91,0.225881895,0.488946723,0.031394073,32.75,0.449330508,0.230708174,0.107133464
84.0703,0.007009079,0.142623367,0.082814418,33,0.257719415,0.141828075,0.288471395,92,0.178283663,0.882232941,0.085217482,33,0.448601355,0.257623545,0.103228494,92,0.17638622,0.618643605,0.041528393,33,0.448601355,0.257623545,0.103228494
85,0.00230291,0.112519872,0.076831294,33.25,0.245952612,0.153014948,0.285270893,92.4745,0.173866853,0.922878891,0.083527622,33.25,0.405952504,0.202259079,0.127892971,93,0.145295617,0.792391428,0.062429934,33.25,0.405952504,0.202259079,0.127892971
86,0.00032279,0.082597436,0.077662726,33.5,0.235680046,0.158042502,0.284251668,93,0.169282391,0.960869923,0.080667827,33.5,0.443340587,0.2645254,0.106196042,94,0.133360648,0.958479065,0.085329573,33.5,0.443340587,0.2645254,0.106196042
87,0,0.061732874,0.082505449,33.75,0.226776362,0.16094849,0.286916662,94,0.158756292,0.998578334,0.072599163,33.75,0.372981675,0.24123781,0.149276302,94.4059,0.133426841,0.995680669,0.091674339,33.75,0.372981675,0.24123781,0.149276302
88,0.000793581,0.045560959,0.090497534,34,0.22671107,0.162749,0.296854682,94.1806,0.156417158,0.999289167,0.070844262,34,0.406264434,0.260608414,0.147705564,94.9229,0.135462002,1,0.094713638,34,0.406264434,0.260608414,0.147705564
88.1375,0.00098118,0.043459867,0.091838168,34.25,0.225732962,0.169393194,0.297808689,95,0.143855295,0.977587347,0.062079961,34.25,0.380575442,0.275446806,0.167599469,95,0.135787358,0.996339484,0.094640213,34.25,0.380575442,0.275446806,0.167599469
89,0.002596099,0.03110822,0.101681414,34.5,0.217897474,0.182416488,0.297571847,96,0.124693163,0.904500002,0.050155678,34.5,0.350042269,0.244747317,0.177974731,96,0.135676288,0.875043466,0.0856849,34.5,0.350042269,0.244747317,0.177974731
90,0.005450837,0.018819967,0.11669757,34.75,0.20988595,0.182348033,0.298682327,96.9883,0.103333604,0.803972786,0.037512143,34.75,0.366240929,0.299794965,0.151105508,97,0.123528155,0.709220914,0.078329219,34.75,0.366240929,0.299794965,0.151105508
90.8857,0.008884966,0.008956667,0.134120501,35,0.201863383,0.178207898,0.319298716,97,0.10307614,0.802705277,0.037358846,35,0.291745665,0.257764102,0.179928067,98,0.097896807,0.57333351,0.078480004,35,0.291745665,0.257764102,0.179928067
91,0.009390308,0.007828715,0.136710271,35.25,0.199868488,0.178089714,0.329603539,98,0.081737138,0.694024891,0.024131345,35.25,0.339509608,0.313305788,0.160910274,98.1402,0.093450644,0.55722568,0.078225637,35.25,0.339509608,0.313305788,0.160910274
92,0.014348517,0.001139296,0.163435422,35.5,0.198066529,0.180746425,0.324324668,99,0.06340947,0.590757114,0.011284682,35.5,0.306748642,0.313546845,0.185824634,99,0.066617721,0.469318715,0.07171304,35.5,0.306748642,0.313546845,0.185824634
93,0.019548576,0,0.198935025,35.75,0.190786542,0.187957532,0.319731101,100,0.04982194,0.497745032,0,35.75,0.305125513,0.317664653,0.199724446,100,0.047108682,0.380156494,0.056909895,35.75,0.305125513,0.317664653,0.199724446
94,0.02223202,0.001948059,0.243781934,36,0.183542223,0.187919082,0.317103642,,,,,36,0.310393164,0.361502258,0.205319109,,,,,36,0.310393164,0.361502258,0.205319109
94.6982,0.020970267,0.004719116,0.278385129,36.25,0.176881202,0.185971876,0.3134909,,,,,36.25,0.260818759,0.306146465,0.257752615,,,,,36.25,0.260818759,0.306146465,0.257752615
95,0.019874859,0.006340423,0.293207682,36.5,0.173938536,0.184321959,0.305125653,,,,,36.5,0.30811506,0.404529102,0.248922277,,,,,36.5,0.30811506,0.404529102,0.248922277
96,0.017037493,0.014040127,0.33289892,36.75,0.171147667,0.185499553,0.2952589,,,,,36.75,0.269457386,0.375060628,0.354446625,,,,,36.75,0.269457386,0.375060628,0.354446625
96.8154,0.015322321,0.023401621,0.336211386,37,0.165655751,0.192083534,0.286565073,,,,,37,0.297356119,0.419531262,0.363502294,,,,,37,0.297356119,0.419531262,0.363502294
97,0.014664804,0.02588663,0.331706804,37.25,0.160455017,0.192613197,0.28202698,,,,,37.25,0.28961533,0.420791614,0.448616645,,,,,37.25,0.28961533,0.420791614,0.448616645
98,0.009738816,0.039986814,0.28415476,37.5,0.155917414,0.191653548,0.276865986,,,,,37.5,0.263663486,0.383429627,0.488578423,,,,,37.5,0.263663486,0.383429627,0.488578423
98.6756,0.00754208,0.046887988,0.249047666,37.75,0.15351492,0.191476663,0.26831604,,,,,37.75,0.299156834,0.437448188,0.510794335,,,,,37.75,0.299156834,0.437448188,0.510794335
99,0.007449688,0.048421434,0.23605108,38,0.152451021,0.192252802,0.260537882,,,,,38,0.24726193,0.347672596,0.552639915,,,,,38,0.24726193,0.347672596,0.552639915
100,0.011425746,0.045407481,0.217902801,38.25,0.149591723,0.197585566,0.254515976,,,,,38.25,0.312544718,0.412170551,0.447347571,,,,,38.25,0.312544718,0.412170551,0.447347571
,,,,38.5,0.146945286,0.201700364,0.251111797,,,,,38.5,0.29609676,0.384106328,0.484984274,,,,,38.5,0.29609676,0.384106328,0.484984274
,,,,38.75,0.144803675,0.203899783,0.246352646,,,,,38.75,0.302535499,0.359947385,0.408900504,,,,,38.75,0.302535499,0.359947385,0.408900504
,,,,39,0.143366334,0.206200115,0.240918632,,,,,39,0.304920751,0.364670508,0.327499362,,,,,39,0.304920751,0.364670508,0.327499362
,,,,39.25,0.142558184,0.208643844,0.236523664,,,,,39.25,0.261680197,0.281017638,0.289857609,,,,,39.25,0.261680197,0.281017638,0.289857609
,,,,39.5,0.14010591,0.216005111,0.233994916,,,,,39.5,0.297797865,0.32848298,0.204091257,,,,,39.5,0.297797865,0.32848298,0.204091257
,,,,39.75,0.137652759,0.221297593,0.232876927,,,,,39.75,0.251535917,0.27926943,0.212605489,,,,,39.75,0.251535917,0.27926943,0.212605489
,,,,40,0.135814876,0.223620227,0.230068026,,,,,40,0.276176923,0.284041264,0.187681473,,,,,40,0.276176923,0.284041264,0.187681473
,,,,40.25,0.134811474,0.225185541,0.227457298,,,,,40.25,0.261323352,0.274929992,0.185185891,,,,,40.25,0.261323352,0.274929992,0.185185891
,,,,40.5,0.134438615,0.227837446,0.22575251,,,,,40.5,0.2360625,0.222188789,0.211643786,,,,,40.5,0.2360625,0.222188789,0.211643786
,,,,40.75,0.133440915,0.239522428,0.227613537,,,,,40.75,0.25041059,0.251943781,0.204937502,,,,,40.75,0.25041059,0.251943781,0.204937502
,,,,41,0.132526602,0.244935928,0.226668916,,,,,41,0.192105813,0.193934561,0.27503834,,,,,41,0.192105813,0.193934561,0.27503834
,,,,41.25,0.131881088,0.242576177,0.223579781,,,,,41.25,0.227170425,0.218992793,0.268433078,,,,,41.25,0.227170425,0.218992793,0.268433078
,,,,41.5,0.132182161,0.23840833,0.22087559,,,,,41.5,0.20268545,0.202950585,0.369022152,,,,,41.5,0.20268545,0.202950585,0.369022152
,,,,41.75,0.133449673,0.234109266,0.220758442,,,,,41.75,0.197572054,0.18312524,0.380098603,,,,,41.75,0.197572054,0.18312524,0.380098603
,,,,42,0.133980093,0.240231153,0.221748415,,,,,42,0.200201332,0.200651158,0.404864354,,,,,42,0.200201332,0.200651158,0.404864354
,,,,42.25,0.135050611,0.235921269,0.220887919,,,,,42.25,0.160395414,0.146906058,0.440655136,,,,,42.25,0.160395414,0.146906058,0.440655136
,,,,42.5,0.136783307,0.222364036,0.21981832,,,,,42.5,0.189131211,0.192848817,0.381135645,,,,,42.5,0.189131211,0.192848817,0.381135645
,,,,42.75,0.139059848,0.210569587,0.21969686,,,,,42.75,0.159009837,0.170405126,0.447339754,,,,,42.75,0.159009837,0.170405126,0.447339754
,,,,43,0.142819945,0.201131174,0.222299142,,,,,43,0.173300271,0.180147506,0.405576691,,,,,43,0.173300271,0.180147506,0.405576691
,,,,43.25,0.146114095,0.196666626,0.222636463,,,,,43.25,0.169005166,0.189931668,0.410473036,,,,,43.25,0.169005166,0.189931668,0.410473036
,,,,43.5,0.149228576,0.188551274,0.223112337,,,,,43.5,0.15149132,0.155126151,0.410342871,,,,,43.5,0.15149132,0.155126151,0.410342871
,,,,43.75,0.152444041,0.179175339,0.223731009,,,,,43.75,0.172395328,0.196632855,0.354205593,,,,,43.75,0.172395328,0.196632855,0.354205593
,,,,44,0.1566857,0.17183856,0.22659587,,,,,44,0.136400991,0.162498603,0.396169334,,,,,44,0.136400991,0.162498603,0.396169334
,,,,44.25,0.164356296,0.16639406,0.231308432,,,,,44.25,0.169590613,0.196521445,0.342204222,,,,,44.25,0.169590613,0.196521445,0.342204222
,,,,44.5,0.17059977,0.161546445,0.232177956,,,,,44.5,0.158798052,0.195966592,0.365703419,,,,,44.5,0.158798052,0.195966592,0.365703419
,,,,44.75,0.176061913,0.159335357,0.232890812,,,,,44.75,0.159676102,0.190387006,0.349927841,,,,,44.75,0.159676102,0.190387006,0.349927841
,,,,45,0.181551185,0.158222416,0.234858569,,,,,45,0.173819521,0.223538537,0.31847301,,,,,45,0.173819521,0.223538537,0.31847301
,,,,45.25,0.189140574,0.153220583,0.24438594,,,,,45.25,0.146688974,0.176707053,0.341344798,,,,,45.25,0.146688974,0.176707053,0.341344798
,,,,45.5,0.206199893,0.149975389,0.247631317,,,,,45.5,0.186917721,0.242675367,0.277487113,,,,,45.5,0.186917721,0.242675367,0.277487113
,,,,45.75,0.217344924,0.147531812,0.245524846,,,,,45.75,0.169023109,0.227825593,0.324220735,,,,,45.75,0.169023109,0.227825593,0.324220735
,,,,46,0.222191386,0.1458762,0.240446447,,,,,46,0.196018083,0.249989647,0.300252784,,,,,46,0.196018083,0.249989647,0.300252784
,,,,46.25,0.221490632,0.143430978,0.241234897,,,,,46.25,0.204904572,0.27089603,0.296838426,,,,,46.25,0.204904572,0.27089603,0.296838426
,,,,46.5,0.223154135,0.141289016,0.239379846,,,,,46.5,0.199034065,0.243650056,0.306098222,,,,,46.5,0.199034065,0.243650056,0.306098222
,,,,46.75,0.236894882,0.139209059,0.223532496,,,,,46.75,0.236858757,0.30462296,0.257722338,,,,,46.75,0.236858757,0.30462296,0.257722338
,,,,47,0.224868512,0.137714933,0.206282459,,,,,47,0.205128499,0.270091777,0.301729714,,,,,47,0.205128499,0.270091777,0.301729714
,,,,47.25,0.200315552,0.134920172,0.192055757,,,,,47.25,0.265476547,0.339126799,0.26677401,,,,,47.25,0.265476547,0.339126799,0.26677401
,,,,47.5,0.175894905,0.131442485,0.178656027,,,,,47.5,0.266076232,0.344047651,0.288735548,,,,,47.5,0.266076232,0.344047651,0.288735548
,,,,47.75,0.15566521,0.128651969,0.167759342,,,,,47.75,0.291564132,0.343187654,0.287201504,,,,,47.75,0.291564132,0.343187654,0.287201504
,,,,48,0.13957395,0.126136593,0.16054429,,,,,48,0.330168251,0.405633755,0.267970114,,,,,48,0.330168251,0.405633755,0.267970114
,,,,48.25,0.121650271,0.123099172,0.156768388,,,,,48.25,0.308816614,0.337782062,0.297410962,,,,,48.25,0.308816614,0.337782062,0.297410962
,,,,48.5,0.105181557,0.122286376,0.152541092,,,,,48.5,0.404506882,0.427544493,0.253649796,,,,,48.5,0.404506882,0.427544493,0.253649796
,,,,48.75,0.093128778,0.121855993,0.149293656,,,,,48.75,0.37380066,0.428757192,0.308425683,,,,,48.75,0.37380066,0.428757192,0.308425683
,,,,49,0.083379472,0.121912493,0.150565045,,,,,49,0.441405264,0.440559385,0.29026557,,,,,49,0.441405264,0.440559385,0.29026557
,,,,49.25,0.073844771,0.122805189,0.152774209,,,,,49.25,0.507521291,0.419826932,0.297616324,,,,,49.25,0.507521291,0.419826932,0.297616324
,,,,49.5,0.067408901,0.123043086,0.155026737,,,,,49.5,0.562045866,0.35310505,0.345838146,,,,,49.5,0.562045866,0.35310505,0.345838146
,,,,49.75,0.064960598,0.124140547,0.156876474,,,,,49.75,0.530900475,0.627215956,0.286724531,,,,,49.75,0.530900475,0.627215956,0.286724531
,,,,50,0.063902872,0.12815503,0.160126877,,,,,50,0.563886542,0.603306211,0.291403784,,,,,50,0.563886542,0.603306211,0.291403784
,,,,50.25,0.063430185,0.133488876,0.16371326,,,,,50.25,0.738053857,0.561072829,0.342447502,,,,,50.25,0.738053857,0.561072829,0.342447502
,,,,50.5,0.061304785,0.139072187,0.16728131,,,,,50.5,0.767666297,0.566927331,0.449476121,,,,,50.5,0.767666297,0.566927331,0.449476121
,,,,50.75,0.061345054,0.143032125,0.171529595,,,,,50.75,0.837369587,0.628962226,0.439803939,,,,,50.75,0.837369587,0.628962226,0.439803939
,,,,51,0.063435341,0.145324077,0.175491333,,,,,51,0.884543006,0.662088309,0.403221583,,,,,51,0.884543006,0.662088309,0.403221583
,,,,51.25,0.065828049,0.1518522,0.179364326,,,,,51.25,0.819109272,0.532025287,0.437425952,,,,,51.25,0.819109272,0.532025287,0.437425952
,,,,51.5,0.068387965,0.155978489,0.183800373,,,,,51.5,0.896560915,0.674925729,0.3746827,,,,,51.5,0.896560915,0.674925729,0.3746827
,,,,51.75,0.070012411,0.160002819,0.187576086,,,,,51.75,0.774049993,0.72125621,0.480800865,,,,,51.75,0.774049993,0.72125621,0.480800865
,,,,52,0.072519239,0.164169455,0.192943995,,,,,52,0.880557132,0.723892932,0.465151421,,,,,52,0.880557132,0.723892932,0.465151421
,,,,52.25,0.076159295,0.170214428,0.1984368,,,,,52.25,0.825099083,0.762673307,0.490206639,,,,,52.25,0.825099083,0.762673307,0.490206639
,,,,52.5,0.079978888,0.177912937,0.203325858,,,,,52.5,0.777908576,0.702020388,0.525732582,,,,,52.5,0.777908576,0.702020388,0.525732582
,,,,52.75,0.083870457,0.184438118,0.208591794,,,,,52.75,0.789870179,0.841618916,0.483944512,,,,,52.75,0.789870179,0.841618916,0.483944512
,,,,53,0.087499351,0.19000623,0.214302448,,,,,53,0.630032973,0.769984134,0.574214867,,,,,53,0.630032973,0.769984134,0.574214867
,,,,53.25,0.091763491,0.199642996,0.222803305,,,,,53.25,0.702439332,0.937823067,0.53042685,,,,,53.25,0.702439332,0.937823067,0.53042685
,,,,53.5,0.0964462,0.210801332,0.229238498,,,,,53.5,0.611974658,0.900236746,0.608536226,,,,,53.5,0.611974658,0.900236746,0.608536226
,,,,53.75,0.101378358,0.220736884,0.236151317,,,,,53.75,0.5812011,0.909942448,0.624701909,,,,,53.75,0.5812011,0.909942448,0.624701909
,,,,54,0.106253676,0.231463453,0.242897083,,,,,54,0.553753821,0.959373002,0.629333341,,,,,54,0.553753821,0.959373002,0.629333341
,,,,54.25,0.111659981,0.242309743,0.254884677,,,,,54.25,0.443070268,0.84231667,0.70633396,,,,,54.25,0.443070268,0.84231667,0.70633396
,,,,54.5,0.117586412,0.254023633,0.268048048,,,,,54.5,0.470773252,1,0.622670135,,,,,54.5,0.470773252,1,0.622670135
,,,,54.75,0.123087608,0.268325809,0.277174901,,,,,54.75,0.388186395,0.924927954,0.765250812,,,,,54.75,0.388186395,0.924927954,0.765250812
,,,,55,0.128844296,0.280822004,0.285455061,,,,,55,0.382642965,0.975899599,0.724315796,,,,,55,0.382642965,0.975899599,0.724315796
,,,,55.25,0.134700971,0.295141085,0.297149378,,,,,55.25,0.352783534,0.99205901,0.77675913,,,,,55.25,0.352783534,0.99205901,0.77675913
,,,,55.5,0.141967183,0.309094456,0.322744066,,,,,55.5,0.295378817,0.895448972,0.780592024,,,,,55.5,0.295378817,0.895448972,0.780592024
,,,,55.75,0.150275725,0.324003957,0.332223244,,,,,55.75,0.313234579,0.993410199,0.702257921,,,,,55.75,0.313234579,0.993410199,0.702257921
,,,,56,0.156981707,0.346112904,0.331242858,,,,,56,0.255702276,0.863740408,0.75245321,,,,,56,0.255702276,0.863740408,0.75245321
,,,,56.25,0.163889209,0.365883335,0.325289483,,,,,56.25,0.286259462,0.97467682,0.627610112,,,,,56.25,0.286259462,0.97467682,0.627610112
,,,,56.5,0.170819212,0.382764892,0.332383928,,,,,56.5,0.280445165,0.936242857,0.647902545,,,,,56.5,0.280445165,0.936242857,0.647902545
,,,,56.75,0.180434642,0.399159558,0.326650043,,,,,56.75,0.284079279,0.899898178,0.583273062,,,,,56.75,0.284079279,0.899898178,0.583273062
,,,,57,0.192173023,0.418007294,0.304223718,,,,,57,0.32902457,0.95308803,0.503931839,,,,,57,0.32902457,0.95308803,0.503931839
,,,,57.25,0.201718912,0.449446088,0.285309851,,,,,57.25,0.303246343,0.794455358,0.494957215,,,,,57.25,0.303246343,0.794455358,0.494957215
,,,,57.5,0.212632141,0.470255346,0.271542788,,,,,57.5,0.404102526,0.949659554,0.379820549,,,,,57.5,0.404102526,0.949659554,0.379820549
,,,,57.75,0.224397405,0.483659993,0.260428544,,,,,57.75,0.404751349,0.872712344,0.391929386,,,,,57.75,0.404751349,0.872712344,0.391929386
,,,,58,0.239678904,0.49786695,0.254048731,,,,,58,0.500286129,0.90059931,0.338639536,,,,,58,0.500286129,0.90059931,0.338639536
,,,,58.25,0.259349344,0.51472164,0.252406275,,,,,58.25,0.553984068,0.908153929,0.296499448,,,,,58.25,0.553984068,0.908153929,0.296499448
,,,,58.5,0.27408295,0.549559644,0.254535856,,,,,58.5,0.600815372,0.807397529,0.293709062,,,,,58.5,0.600815372,0.807397529,0.293709062
,,,,58.75,0.28831003,0.578783278,0.255246753,,,,,58.75,0.7131529,0.897328187,0.225270059,,,,,58.75,0.7131529,0.897328187,0.225270059
,,,,59,0.302548146,0.597597499,0.261370161,,,,,59,0.664097513,0.772140545,0.267616603,,,,,59,0.664097513,0.772140545,0.267616603
,,,,59.25,0.321225146,0.616225922,0.27222977,,,,,59.25,0.836208095,0.852419012,0.24593993,,,,,59.25,0.836208095,0.852419012,0.24593993
,,,,59.5,0.346532262,0.637453733,0.28422713,,,,,59.5,0.81063948,0.820215749,0.263515411,,,,,59.5,0.81063948,0.820215749,0.263515411
,,,,59.75,0.367087336,0.683909847,0.293800466,,,,,59.75,0.886857855,0.784475076,0.285223732,,,,,59.75,0.886857855,0.784475076,0.285223732
,,,,60,0.38783177,0.722590218,0.310231535,,,,,60,0.913533517,0.837264531,0.277029268,,,,,60,0.913533517,0.837264531,0.277029268
,,,,60.25,0.40908316,0.742562039,0.334136997,,,,,60.25,0.846006146,0.690509175,0.341014286,,,,,60.25,0.846006146,0.690509175,0.341014286
,,,,60.5,0.436576277,0.76024475,0.356808309,,,,,60.5,0.933625412,0.826147964,0.314075308,,,,,60.5,0.933625412,0.826147964,0.314075308
,,,,60.75,0.478717972,0.778105544,0.373585804,,,,,60.75,0.808050742,0.758568896,0.401043341,,,,,60.75,0.808050742,0.758568896,0.401043341
,,,,61,0.512316718,0.834810257,0.392017693,,,,,61,0.879097754,0.781053354,0.410085912,,,,,61,0.879097754,0.781053354,0.410085912
,,,,61.25,0.543532319,0.878592255,0.431563731,,,,,61.25,0.82988995,0.78867051,0.449923366,,,,,61.25,0.82988995,0.78867051,0.449923366
,,,,61.5,0.573418964,0.882855061,0.462102816,,,,,61.5,0.77667704,0.698088278,0.491414271,,,,,61.5,0.77667704,0.698088278,0.491414271
,,,,61.75,0.614489284,0.877954766,0.490044706,,,,,61.75,0.803360888,0.78512329,0.453552429,,,,,61.75,0.803360888,0.78512329,0.453552429
,,,,62,0.690203705,0.889003609,0.51691252,,,,,62,0.655497114,0.678701361,0.526863047,,,,,62,0.655497114,0.678701361,0.526863047
,,,,62.25,0.737212772,1,0.572971689,,,,,62.25,0.75102215,0.758665867,0.478297794,,,,,62.25,0.75102215,0.758665867,0.478297794
,,,,62.5,0.765814939,0.910720309,0.613589564,,,,,62.5,0.685865291,0.728640969,0.527923956,,,,,62.5,0.685865291,0.728640969,0.527923956
,,,,62.75,0.785289579,0.771317334,0.640361336,,,,,62.75,0.678536922,0.692053455,0.549825487,,,,,62.75,0.678536922,0.692053455,0.549825487
,,,,63,0.822965918,0.671711037,0.663311486,,,,,63,0.687721809,0.731569443,0.548778824,,,,,63,0.687721809,0.731569443,0.548778824
,,,,63.25,0.915683446,0.607033699,0.71045714,,,,,63.25,0.595497937,0.589596163,0.648134261,,,,,63.25,0.595497937,0.589596163,0.648134261
,,,,63.5,0.946793955,0.638332106,0.782186844,,,,,63.5,0.66760071,0.699631268,0.593781443,,,,,63.5,0.66760071,0.699631268,0.593781443
,,,,63.75,0.945696572,0.671184533,0.812635364,,,,,63.75,0.587311944,0.63421531,0.770092836,,,,,63.75,0.587311944,0.63421531,0.770092836
,,,,64,0.931758561,0.664110451,0.835835037,,,,,64,0.636186903,0.651569877,0.772146684,,,,,64,0.636186903,0.651569877,0.772146684
,,,,64.25,0.941834779,0.655627977,0.860395287,,,,,64.25,0.616530266,0.647841824,0.867625507,,,,,64.25,0.616530266,0.647841824,0.867625507
,,,,64.5,1,0.645176728,0.963023273,,,,,64.5,0.579056043,0.56157497,0.923091558,,,,,64.5,0.579056043,0.56157497,0.923091558
,,,,64.75,0.988939966,0.648773131,1,,,,,64.75,0.623681815,0.628258906,0.885424108,,,,,64.75,0.623681815,0.628258906,0.885424108
,,,,65,0.954089142,0.649501578,0.975194236,,,,,65,0.520850291,0.532606835,1,,,,,65,0.520850291,0.532606835,1
,,,,65.25,0.919968526,0.636152941,0.942241069,,,,,65.25,0.608754939,0.570438389,0.884735415,,,,,65.25,0.608754939,0.570438389,0.884735415
,,,,65.5,0.902151685,0.622192345,0.953222645,,,,,65.5,0.567221561,0.537652933,0.989996551,,,,,65.5,0.567221561,0.537652933,0.989996551
,,,,65.75,0.918560825,0.609822568,0.988656773,,,,,65.75,0.568943835,0.48827727,0.950509554,,,,,65.75,0.568943835,0.48827727,0.950509554
,,,,66,0.898424223,0.614332057,0.93797203,,,,,66,0.584780149,0.518631667,0.915239052,,,,,66,0.584780149,0.518631667,0.915239052
,,,,66.25,0.866004887,0.617781936,0.88094731,,,,,66.25,0.511027605,0.414222198,0.956266476,,,,,66.25,0.511027605,0.414222198,0.956266476
,,,,66.5,0.837285578,0.60561056,0.841265078,,,,,66.5,0.587121106,0.492394492,0.794361116,,,,,66.5,0.587121106,0.492394492,0.794361116
,,,,66.75,0.816303391,0.590189311,0.843333175,,,,,66.75,0.523051247,0.452797498,0.911895836,,,,,66.75,0.523051247,0.452797498,0.911895836
,,,,67,0.819831716,0.572595308,0.811895005,,,,,67,0.569850559,0.466047204,0.829447209,,,,,67,0.569850559,0.466047204,0.829447209
,,,,67.25,0.807223178,0.567965696,0.754579746,,,,,67.25,0.555488721,0.483540073,0.836477782,,,,,67.25,0.555488721,0.483540073,0.836477782
,,,,67.5,0.782460213,0.564279758,0.702970435,,,,,67.5,0.5234447,0.430521516,0.829656415,,,,,67.5,0.5234447,0.430521516,0.829656415
,,,,67.75,0.757854958,0.546216643,0.670179224,,,,,67.75,0.558991316,0.505043947,0.726131823,,,,,67.75,0.558991316,0.505043947,0.726131823
,,,,68,0.736932261,0.527774812,0.645679211,,,,,68,0.461866189,0.441013896,0.786492569,,,,,68,0.461866189,0.441013896,0.786492569
,,,,68.25,0.735070536,0.511103998,0.602096018,,,,,68.25,0.534912029,0.511940931,0.671503838,,,,,68.25,0.534912029,0.511940931,0.671503838
,,,,68.5,0.722052863,0.502470368,0.555937571,,,,,68.5,0.495385755,0.500373394,0.70311843,,,,,68.5,0.495385755,0.500373394,0.70311843
,,,,68.75,0.697209525,0.495953771,0.51846062,,,,,68.75,0.48843772,0.485944256,0.651295371,,,,,68.75,0.48843772,0.485944256,0.651295371
,,,,69,0.673771294,0.485727832,0.491416251,,,,,69,0.4969986,0.518558848,0.591530767,,,,,69,0.4969986,0.518558848,0.591530767
,,,,69.25,0.653700915,0.478591829,0.46011718,,,,,69.25,0.419252102,0.419276515,0.591307328,,,,,69.25,0.419252102,0.419276515,0.591307328
,,,,69.5,0.647395727,0.473949806,0.425589079,,,,,69.5,0.481324482,0.50013168,0.462350422,,,,,69.5,0.481324482,0.50013168,0.462350422
,,,,69.75,0.633904573,0.473391189,0.394155469,,,,,69.75,0.425902473,0.446994772,0.504594154,,,,,69.75,0.425902473,0.446994772,0.504594154
,,,,70,0.612522797,0.480623584,0.366327801,,,,,70,0.465098741,0.463930495,0.436159916,,,,,70,0.465098741,0.463930495,0.436159916
,,,,70.25,0.593040276,0.482159516,0.340142315,,,,,70.25,0.464538903,0.468776673,0.405975164,,,,,70.25,0.464538903,0.468776673,0.405975164
,,,,70.5,0.575795514,0.480383452,0.312786124,,,,,70.5,0.43788242,0.4047591,0.392987684,,,,,70.5,0.43788242,0.4047591,0.392987684
,,,,70.75,0.568440993,0.47588562,0.282308444,,,,,70.75,0.485993749,0.461770914,0.309006476,,,,,70.75,0.485993749,0.461770914,0.309006476
,,,,71,0.556783642,0.477758323,0.254850567,,,,,71,0.413633874,0.389239712,0.344748725,,,,,71,0.413633874,0.389239712,0.344748725
,,,,71.25,0.53718953,0.48504982,0.220008235,,,,,71.25,0.488604919,0.43073079,0.294475088,,,,,71.25,0.488604919,0.43073079,0.294475088
,,,,71.5,0.517304789,0.47962488,0.183109237,,,,,71.5,0.463798216,0.409188928,0.30774848,,,,,71.5,0.463798216,0.409188928,0.30774848
,,,,71.75,0.498976741,0.472885593,0.153170789,,,,,71.75,0.473212784,0.380515815,0.298109144,,,,,71.75,0.473212784,0.380515815,0.298109144
,,,,72,0.484918972,0.467150022,0.135537729,,,,,72,0.489787896,0.397213914,0.259707228,,,,,72,0.489787896,0.397213914,0.259707228
,,,,72.25,0.464083485,0.466069191,0.121028779,,,,,72.25,0.442689064,0.313031053,0.289908729,,,,,72.25,0.442689064,0.313031053,0.289908729
,,,,72.5,0.438707158,0.471715745,0.11252787,,,,,72.5,0.520865861,0.388978452,0.242301365,,,,,72.5,0.520865861,0.388978452,0.242301365
,,,,72.75,0.414607999,0.473368955,0.187233744,,,,,72.75,0.45866094,0.337013296,0.278228559,,,,,72.75,0.45866094,0.337013296,0.278228559
,,,,73,0.396385585,0.476156519,0.275681839,,,,,73,0.507710001,0.340802075,0.254806421,,,,,73,0.507710001,0.340802075,0.254806421
,,,,73.25,0.364276984,0.479902436,0.343130448,,,,,73.25,0.508434526,0.338949177,0.247893796,,,,,73.25,0.508434526,0.338949177,0.247893796
,,,,73.5,0.344088841,0.490331956,0.44028876,,,,,73.5,0.45459348,0.261820233,0.242525879,,,,,73.5,0.45459348,0.261820233,0.242525879
,,,,73.75,0.384055764,0.514747477,0.498103723,,,,,73.75,0.503834227,0.299844569,0.192289015,,,,,73.75,0.503834227,0.299844569,0.192289015
,,,,74,0.443375277,0.519077572,0.495222338,,,,,74,0.447688549,0.258118157,0.228731494,,,,,74,0.447688549,0.258118157,0.228731494
,,,,74.25,0.494278911,0.512880903,0.483239445,,,,,74.25,0.55873377,0.308403619,0.197543121,,,,,74.25,0.55873377,0.308403619,0.197543121
,,,,74.5,0.555920235,0.501615067,0.480417676,,,,,74.5,0.54067382,0.300076557,0.214909466,,,,,74.5,0.54067382,0.300076557,0.214909466
,,,,74.75,0.601525697,0.497232067,0.495203148,,,,,74.75,0.571294243,0.287315421,0.213381775,,,,,74.75,0.571294243,0.287315421,0.213381775
,,,,75,0.605066731,0.502291589,0.47624858,,,,,75,0.620018673,0.3267764,0.185887802,,,,,75,0.620018673,0.3267764,0.185887802
,,,,75.25,0.604118129,0.494505509,0.450679907,,,,,75.25,0.563939616,0.258189731,0.206519837,,,,,75.25,0.563939616,0.258189731,0.206519837
,,,,75.5,0.59839585,0.481859891,0.428744325,,,,,75.5,0.64778791,0.31131997,0.166367629,,,,,75.5,0.64778791,0.31131997,0.166367629
,,,,75.75,0.610335008,0.471274803,0.420132105,,,,,75.75,0.604905608,0.285721157,0.202559837,,,,,75.75,0.604905608,0.285721157,0.202559837
,,,,76,0.62589811,0.464254461,0.410355578,,,,,76,0.685362021,0.305923311,0.18899547,,,,,76,0.685362021,0.305923311,0.18899547
,,,,76.25,0.614866239,0.46530543,0.390236867,,,,,76.25,0.679868464,0.309130103,0.187337236,,,,,76.25,0.679868464,0.309130103,0.187337236
,,,,76.5,0.601523131,0.460942301,0.370866143,,,,,76.5,0.682037458,0.278444468,0.192375391,,,,,76.5,0.682037458,0.278444468,0.192375391
,,,,76.75,0.587169798,0.454643548,0.355647171,,,,,76.75,0.756364407,0.328639225,0.156691514,,,,,76.75,0.756364407,0.328639225,0.156691514
,,,,77,0.587187665,0.448682881,0.345893879,,,,,77,0.628881024,0.268220445,0.192181226,,,,,77,0.628881024,0.268220445,0.192181226
,,,,77.25,0.593981291,0.444416598,0.332354346,,,,,77.25,0.757607195,0.313254156,0.165333979,,,,,77.25,0.757607195,0.313254156,0.165333979
,,,,77.5,0.580818221,0.448562197,0.317655866,,,,,77.5,0.717720218,0.296462787,0.186029842,,,,,77.5,0.717720218,0.296462787,0.186029842
,,,,77.75,0.566358901,0.448881894,0.305414173,,,,,77.75,0.743643067,0.28772111,0.183881055,,,,,77.75,0.743643067,0.28772111,0.183881055
,,,,78,0.551944254,0.444101789,0.29475392,,,,,78,0.75323348,0.313081242,0.160982983,,,,,78,0.75323348,0.313081242,0.160982983
,,,,78.25,0.547699224,0.439849481,0.285580984,,,,,78.25,0.672780291,0.253091349,0.175496257,,,,,78.25,0.672780291,0.253091349,0.175496257
,,,,78.5,0.552259629,0.437397383,0.277523424,,,,,78.5,0.750687511,0.311198468,0.142522931,,,,,78.5,0.750687511,0.311198468,0.142522931
,,,,78.75,0.542793853,0.444930714,0.270398267,,,,,78.75,0.653881607,0.272330511,0.164424723,,,,,78.75,0.653881607,0.272330511,0.164424723
,,,,79,0.530902846,0.447094092,0.26481996,,,,,79,0.693964047,0.283276199,0.160263065,,,,,79,0.693964047,0.283276199,0.160263065
,,,,79.25,0.518903641,0.442061521,0.260248781,,,,,79.25,0.668771952,0.275514219,0.167385608,,,,,79.25,0.668771952,0.275514219,0.167385608
,,,,79.5,0.514369724,0.437140306,0.257934042,,,,,79.5,0.624582858,0.228530995,0.179876671,,,,,79.5,0.624582858,0.228530995,0.179876671
,,,,79.75,0.51804746,0.433034707,0.256311176,,,,,79.75,0.668220671,0.258704869,0.150644647,,,,,79.75,0.668220671,0.258704869,0.150644647
,,,,80,0.510041325,0.440492111,0.254940749,,,,,80,0.552971474,0.201695313,0.18322258,,,,,80,0.552971474,0.201695313,0.18322258
,,,,80.25,0.500009963,0.443010063,0.254670638,,,,,80.25,0.639413132,0.230476355,0.157597374,,,,,80.25,0.639413132,0.230476355,0.157597374
,,,,80.5,0.490124512,0.435018142,0.255858673,,,,,80.5,0.585591548,0.210297391,0.177058175,,,,,80.5,0.585591548,0.210297391,0.177058175
,,,,80.75,0.486761349,0.426428692,0.255568997,,,,,80.75,0.572710828,0.19025865,0.17633912,,,,,80.75,0.572710828,0.19025865,0.17633912
,,,,81,0.492851564,0.41807788,0.254746077,,,,,81,0.567719274,0.201850133,0.162567004,,,,,81,0.567719274,0.201850133,0.162567004
,,,,81.25,0.487894939,0.423568917,0.254097788,,,,,81.25,0.477644075,0.141446026,0.18455408,,,,,81.25,0.477644075,0.141446026,0.18455408
,,,,81.5,0.479145776,0.423017058,0.256152554,,,,,81.5,0.529179347,0.18275127,0.149937218,,,,,81.5,0.529179347,0.18275127,0.149937218
,,,,81.75,0.469111626,0.410260195,0.256072697,,,,,81.75,0.456613012,0.153300131,0.185768995,,,,,81.75,0.456613012,0.153300131,0.185768995
,,,,82,0.465042038,0.396783962,0.254341887,,,,,82,0.477857165,0.152717773,0.175253526,,,,,82,0.477857165,0.152717773,0.175253526
,,,,82.25,0.47208158,0.382910767,0.252659102,,,,,82.25,0.462443994,0.154242474,0.179897211,,,,,82.25,0.462443994,0.154242474,0.179897211
,,,,82.5,0.46425343,0.381212135,0.252834184,,,,,82.5,0.424374153,0.115566093,0.192724065,,,,,82.5,0.424374153,0.115566093,0.192724065
,,,,82.75,0.450781907,0.375925362,0.25452162,,,,,82.75,0.463457939,0.145268548,0.165402406,,,,,82.75,0.463457939,0.145268548,0.165402406
,,,,83,0.435851749,0.359343163,0.253305064,,,,,83,0.389789429,0.111715082,0.204033665,,,,,83,0.389789429,0.111715082,0.204033665
,,,,83.25,0.426228053,0.341325945,0.25186178,,,,,83.25,0.456331838,0.133082969,0.180889766,,,,,83.25,0.456331838,0.133082969,0.180889766
,,,,83.5,0.426449146,0.32318318,0.250919119,,,,,83.5,0.433991298,0.126880277,0.207830424,,,,,83.5,0.433991298,0.126880277,0.207830424
,,,,83.75,0.412828096,0.317368259,0.25380507,,,,,83.75,0.442231788,0.112427112,0.20954673,,,,,83.75,0.442231788,0.112427112,0.20954673
,,,,84,0.393269381,0.309483402,0.255295595,,,,,84,0.469425644,0.132679712,0.203519191,,,,,84,0.469425644,0.132679712,0.203519191
,,,,84.25,0.372912161,0.289829598,0.254784226,,,,,84.25,0.415610888,0.08965313,0.226157507,,,,,84.25,0.415610888,0.08965313,0.226157507
,,,,84.5,0.357197813,0.269585926,0.254279943,,,,,84.5,0.495449001,0.131013373,0.182727633,,,,,84.5,0.495449001,0.131013373,0.182727633
,,,,84.75,0.350143696,0.249979982,0.256000675,,,,,84.75,0.4550634,0.11431361,0.220727507,,,,,84.75,0.4550634,0.11431361,0.220727507
,,,,85,0.333956998,0.239488053,0.261676647,,,,,85,0.506805907,0.122386136,0.186573022,,,,,85,0.506805907,0.122386136,0.186573022
,,,,85.25,0.313436358,0.227820754,0.262915556,,,,,85.25,0.51553006,0.131574169,0.180220452,,,,,85.25,0.51553006,0.131574169,0.180220452
,,,,85.5,0.294195761,0.207797708,0.263616406,,,,,85.5,0.500974882,0.102813844,0.159781128,,,,,85.5,0.500974882,0.102813844,0.159781128
,,,,85.75,0.278429156,0.188028919,0.264253801,,,,,85.75,0.564147446,0.137952795,0.111242286,,,,,85.75,0.564147446,0.137952795,0.111242286
,,,,86,0.268435703,0.1685501,0.272683143,,,,,86,0.49033869,0.108977146,0.104817858,,,,,86,0.49033869,0.108977146,0.104817858
,,,,86.25,0.255625397,0.156542562,0.277800611,,,,,86.25,0.6000293,0.135082965,0.063559858,,,,,86.25,0.6000293,0.135082965,0.063559858
,,,,86.5,0.241228876,0.146773774,0.276113759,,,,,86.5,0.583953197,0.131689146,0.049868092,,,,,86.5,0.583953197,0.131689146,0.049868092
,,,,86.75,0.228487548,0.129686258,0.27271266,,,,,86.75,0.618385377,0.121854758,0.040504532,,,,,86.75,0.618385377,0.121854758,0.040504532
,,,,87,0.217469177,0.113282148,0.274003555,,,,,87,0.663711314,0.144432886,0.03372713,,,,,87,0.663711314,0.144432886,0.03372713
,,,,87.25,0.209212552,0.099095658,0.283480507,,,,,87.25,0.612664286,0.100804004,0.053339948,,,,,87.25,0.612664286,0.100804004,0.053339948
,,,,87.5,0.201291231,0.089552607,0.27729976,,,,,87.5,0.726080984,0.147424953,0.050314959,,,,,87.5,0.726080984,0.147424953,0.050314959
,,,,87.75,0.192655936,0.082958487,0.265820389,,,,,87.75,0.671471782,0.130710352,0.092456589,,,,,87.75,0.671471782,0.130710352,0.092456589
,,,,88,0.185028386,0.073893138,0.254545283,,,,,88,0.770695428,0.140315073,0.106000922,,,,,88,0.770695428,0.140315073,0.106000922
,,,,88.25,0.178363523,0.065079684,0.253178138,,,,,88.25,0.784455229,0.150273407,0.134604437,,,,,88.25,0.784455229,0.150273407,0.134604437
,,,,88.5,0.173794926,0.058871776,0.245461101,,,,,88.5,0.782551927,0.121216482,0.164091064,,,,,88.5,0.782551927,0.121216482,0.164091064
,,,,88.75,0.169334879,0.05489468,0.229307438,,,,,88.75,0.871284315,0.158648125,0.160228599,,,,,88.75,0.871284315,0.158648125,0.160228599
,,,,89,0.163758291,0.052594297,0.212450225,,,,,89,0.756234746,0.127450745,0.209496191,,,,,89,0.756234746,0.127450745,0.209496191
,,,,89.25,0.157900795,0.048611625,0.198825085,,,,,89.25,0.921951845,0.157514658,0.195811144,,,,,89.25,0.921951845,0.157514658,0.195811144
,,,,89.5,0.152107661,0.045246444,0.188450285,,,,,89.5,0.879226837,0.154218863,0.239744831,,,,,89.5,0.879226837,0.154218863,0.239744831
,,,,89.75,0.148697486,0.043025946,0.172997213,,,,,89.75,0.930143464,0.145233288,0.251985339,,,,,89.75,0.930143464,0.145233288,0.251985339
,,,,90,0.143001077,0.040806054,0.157466476,,,,,90,0.962123503,0.170328976,0.255830988,,,,,90,0.962123503,0.170328976,0.255830988
,,,,90.25,0.135543737,0.038970971,0.145377179,,,,,90.25,0.885018621,0.123552763,0.294025638,,,,,90.25,0.885018621,0.123552763,0.294025638
,,,,90.5,0.128936692,0.03756547,0.133348953,,,,,90.5,1,0.176384696,0.254026598,,,,,90.5,1,0.176384696,0.254026598
,,,,90.75,0.123503603,0.03590171,0.123459837,,,,,90.75,0.885041906,0.15952302,0.318774197,,,,,90.75,0.885041906,0.15952302,0.318774197
,,,,91,0.118728015,0.034191519,0.116494908,,,,,91,0.985184034,0.173433055,0.302850613,,,,,91,0.985184034,0.173433055,0.302850613
,,,,91.25,0.11495151,0.031966883,0.111060949,,,,,91.25,0.954651296,0.186658212,0.316800838,,,,,91.25,0.954651296,0.186658212,0.316800838
,,,,91.5,0.112032231,0.032128041,0.106064778,,,,,91.5,0.918306489,0.160063122,0.333217688,,,,,91.5,0.918306489,0.160063122,0.333217688
,,,,91.75,0.109966197,0.030851569,0.100669109,,,,,91.75,0.964218475,0.205494763,0.294599842,,,,,91.75,0.964218475,0.205494763,0.294599842
,,,,92,0.108596171,0.028486039,0.098380273,,,,,92,0.799896974,0.172209948,0.346712844,,,,,92,0.799896974,0.172209948,0.346712844
,,,,92.25,0.107314894,0.026270311,0.096858578,,,,,92.25,0.924573298,0.215258738,0.30930571,,,,,92.25,0.924573298,0.215258738,0.30930571
,,,,92.5,0.106309891,0.023783476,0.095715756,,,,,92.5,0.835980232,0.213331293,0.344284152,,,,,92.5,0.835980232,0.213331293,0.344284152
,,,,92.75,0.105883844,0.021282992,0.0937723,,,,,92.75,0.834240302,0.212271155,0.343415833,,,,,92.75,0.834240302,0.212271155,0.343415833
,,,,93,0.105726105,0.018669155,0.092132769,,,,,93,0.81999164,0.241075593,0.3260648,,,,,93,0.81999164,0.241075593,0.3260648
,,,,93.25,0.105666713,0.016391325,0.091711094,,,,,93.25,0.703509103,0.191802177,0.361583207,,,,,93.25,0.703509103,0.191802177,0.361583207
,,,,93.5,0.106124026,0.014089668,0.091233745,,,,,93.5,0.760640045,0.255934046,0.304762425,,,,,93.5,0.760640045,0.255934046,0.304762425
,,,,93.75,0.107482234,0.012070017,0.090641736,,,,,93.75,0.649071581,0.226925173,0.366099032,,,,,93.75,0.649071581,0.226925173,0.366099032
,,,,94,0.10832623,0.010499552,0.089643263,,,,,94,0.682497441,0.253082557,0.348352717,,,,,94,0.682497441,0.253082557,0.348352717
,,,,94.25,0.109129748,0.008673578,0.089249248,,,,,94.25,0.650384151,0.251388904,0.356838628,,,,,94.25,0.650384151,0.251388904,0.356838628
,,,,94.5,0.109796156,0.007072036,0.088876337,,,,,94.5,0.603850198,0.219832634,0.377941466,,,,,94.5,0.603850198,0.219832634,0.377941466
,,,,94.75,0.111269321,0.005577436,0.088475138,,,,,94.75,0.645051936,0.244023975,0.33312546,,,,,94.75,0.645051936,0.244023975,0.33312546
,,,,95,0.113386227,0.003808904,0.087827814,,,,,95,0.53573964,0.180882998,0.394957865,,,,,95,0.53573964,0.180882998,0.394957865
,,,,95.25,0.114266653,0.002037411,0.087051974,,,,,95.25,0.626975096,0.203989334,0.358915307,,,,,95.25,0.626975096,0.203989334,0.358915307
,,,,95.5,0.114742888,0.001788165,0.086288299,,,,,95.5,0.578286474,0.170723117,0.399703874,,,,,95.5,0.578286474,0.170723117,0.399703874
,,,,95.75,0.114631855,0.001079389,0.085358937,,,,,95.75,0.5891282,0.140729207,0.405377562,,,,,95.75,0.5891282,0.140729207,0.405377562
,,,,96,0.115814952,0.000414361,0.084498475,,,,,96,0.59637728,0.135351149,0.392046333,,,,,96,0.59637728,0.135351149,0.392046333
,,,,96.25,0.118649733,0.000485288,0.083545548,,,,,96.25,0.520400501,0.075254733,0.441370814,,,,,96.25,0.520400501,0.075254733,0.441370814
,,,,96.5,0.119442234,5.42E-05,0.082708822,,,,,96.5,0.581012952,0.090646664,0.380878565,,,,,96.5,0.581012952,0.090646664,0.380878565
,,,,96.75,0.119460038,0.000187291,0.082363219,,,,,96.75,0.502008977,0.062138648,0.463087471,,,,,96.75,0.502008977,0.062138648,0.463087471
,,,,97,0.11846579,0,0.08257337,,,,,97,0.542469122,0.049357845,0.447736214,,,,,97,0.542469122,0.049357845,0.447736214
,,,,97.25,0.119008541,0.000486796,0.08278988,,,,,97.25,0.516787026,0.049580571,0.470146757,,,,,97.25,0.516787026,0.049580571,0.470146757
,,,,97.5,0.121410235,0.001156025,0.083242532,,,,,97.5,0.482347055,0.019162423,0.502741852,,,,,97.5,0.482347055,0.019162423,0.502741852
,,,,97.75,0.119983398,0.001946843,0.084566744,,,,,97.75,0.500724048,0.052161951,0.460156139,,,,,97.75,0.500724048,0.052161951,0.460156139
,,,,98,0.117410749,0.003204247,0.086296322,,,,,98,0.39095232,0.040123629,0.542244411,,,,,98,0.39095232,0.040123629,0.542244411
,,,,98.25,0.114254346,0.003603759,0.088141538,,,,,98.25,0.438568266,0.074998883,0.490474323,,,,,98.25,0.438568266,0.074998883,0.490474323
,,,,98.5,0.112406014,0.00352565,0.090322927,,,,,98.5,0.365068566,0.087011371,0.557951541,,,,,98.5,0.365068566,0.087011371,0.557951541
,,,,98.75,0.111023888,0.003396132,0.092622462,,,,,98.75,0.332725567,0.103633932,0.547194919,,,,,98.75,0.332725567,0.103633932,0.547194919
,,,,99,0.108132138,0.006927346,0.0949149,,,,,99,0.311435059,0.134454496,0.519802739,,,,,99,0.311435059,0.134454496,0.519802739
,,,,99.25,0.104114002,0.006104599,0.097383047,,,,,99.25,0.235836726,0.102990204,0.551107296,,,,,99.25,0.235836726,0.102990204,0.551107296
,,,,99.5,0.101721852,0.004888152,0.100918478,,,,,99.5,0.259172671,0.166782156,0.455557628,,,,,99.5,0.259172671,0.166782156,0.455557628
,,,,99.75,0.10157032,0.007344339,0.102359315,,,,,99.75,0.233392295,0.157685501,0.581159834,,,,,99.75,0.233392295,0.157685501,0.581159834
,,,,100,0.102139839,0.009078086,0.103863074,,,,,100,0.270650651,0.196458727,0.472226314,,,,,100,0.270650651,0.196458727,0.472226314
